period,regime,sub,phase,zD,anom_theory,anom_lof,tsne_x,tsne_y,D_deviation,REV_loan_re,tone_inflation,tone_growth,tone_finstab,tone_fiscal,s_deposit,s_loan,s_realestate,s_inflation,s_currency,s_invest,base_rate,cpi_yoy,exchange_rate,kospi_return,unemployment
2016-03,1,1,1-1,1.7340045144807408,0,1,-5.3529,-7.580991,0.6192279541501301,0.4453635941458798,-0.1034482758620689,-0.4417670682730923,-0.423611111111111,1.0,8.01775,40.45278,54.91915,11.2486,31.52653,75.19582,1.5,0.859,1202.41,1.7611,3.98
2016-04,1,1,1-1,2.380015088985573,1,1,-5.342759,-7.547966,0.7489205443296864,0.6949703509545534,-0.1935483870967742,-0.4761904761904761,-0.40625,1.0,4.32674,39.73314,48.97531,12.66658,25.29782,74.8161,1.25,0.84,1163.17,-1.2777,3.63
2016-05,1,1,1-1,2.5103340928568687,1,0,-5.2544665,-7.110458,0.7750832881433506,1.432791899661299,-0.4545454545454545,-0.4808259587020649,-0.4891304347826086,1.0,2.09747,32.59902,51.29014,11.08723,24.93482,56.36925,1.25,0.84,1163.17,-1.2777,3.63
2016-06,1,1,1-1,0.11116865718142156,0,0,-6.037279,-4.3698406,0.2934286652906021,0.6626278436737578,-0.0823529411764705,-0.4222222222222221,-0.4585635359116022,-0.5111111111111111,1.70737,33.68511,54.1265,13.59469,36.61236,41.3405,1.25,0.84,1163.17,-1.2777,3.63
2016-07,1,1,1-1,0.8176166831368851,0,0,-4.674468,-3.1339986,0.435254632123461,0.8977854342488076,-0.1621621621621621,-0.2896551724137931,-0.3116883116883117,-1.0,1.48345,24.00373,47.45012,8.92699,31.16802,34.86769,1.25,0.735,1121.09,3.7191,3.67
2016-08,1,1,1-1,0.7088003718982194,0,0,-4.832707,-5.3329606,0.4134087524810965,1.1041306343902764,-0.2371134020618556,-0.3773584905660377,-0.49,0.2830188679245283,2.20618,26.00499,54.73477,8.60997,32.44243,35.11623,1.25,0.735,1121.09,3.7191,3.67
2016-09,1,1,1-1,-0.07197504978854838,0,0,-3.806596,-5.5294237,0.2566608743759916,0.4802592415041611,-0.2,-0.2539184952978056,-0.2768361581920904,0.3469387755102039,1.9409,24.50251,54.27986,9.31781,27.69477,40.32624,1.25,0.735,1121.09,3.7191,3.67
2016-10,1,1,1-1,-0.771982433704142,0,0,-3.1874237,-5.107951,0.116127925926323,0.1642732797670195,0.0107526881720429,-0.2142857142857142,-0.3385826771653543,0.3469387755102039,2.19095,32.21707,59.18313,13.03982,25.04268,35.20159,1.25,1.452,1156.4,-0.8402,3.43
2016-11,1,1,1-1,-0.26289993845483384,0,0,-3.9139721,-5.2821198,0.2183309393592874,0.3999966898085565,-0.1733333333333332,-0.2844827586206896,-0.2662721893491123,0.3469387755102039,2.38376,33.60887,50.44142,13.3859,36.02457,35.29385,1.25,1.452,1156.4,-0.8402,3.43
2016-12,1,1,1-1,-0.2250253143930595,0,0,-4.3547134,-3.6930766,0.2259346199962701,0.6258018692459733,-0.1208791208791208,-0.2247557003257328,-0.3599999999999999,-0.5,2.75662,30.80879,48.96153,13.50291,31.82058,31.82616,1.25,1.452,1156.4,-0.8402,3.43
2017-01,0,2,0-2,-0.9187039974789957,0,0,-0.92850596,-4.0745673,0.086672216697815,0.0379459421447345,0.0909090909090908,-0.1067961165048543,-0.1777777777777777,-0.5,2.93765,28.25194,52.62765,11.25243,31.41332,40.2026,1.25,2.2,1154.93,6.6012,3.95
2017-02,0,2,0-2,-0.7318599538869225,0,0,-0.8417205,-3.6675427,0.12418288437017,0.03926243897111,0.2606060606060606,-0.1411042944785276,-0.2258064516129032,-0.5,2.66523,28.32007,52.22704,9.72393,31.12753,31.71507,1.25,2.2,1154.93,6.6012,3.95
2017-03,0,2,0-2,-0.867322280331983,0,0,-1.7198604,-4.0237575,0.0969875710397733,0.0,0.2606060606060606,-0.1411042944785276,-0.2258064516129032,0.0909090909090909,3.05125,31.93718,54.15661,11.05855,33.63537,33.19065,1.25,2.2,1154.93,6.6012,3.95
2017-04,0,2,0-2,-0.6363887844018219,0,0,-2.4949157,-4.1020355,0.1433496035333739,0.2588601767259938,-0.0561797752808988,-1.6803375507840208e-17,-0.2455089820359281,0.0909090909090909,2.54161,26.14985,47.52386,12.33197,26.72793,29.67902,1.25,1.922,1129.35,10.7192,3.77
2017-05,0,2,0-2,-0.23020454194022866,0,0,-1.9084295,-2.0622904,0.2248948422244642,0.0,0.2115384615384615,0.1304347826086956,-0.2727272727272727,0.0909090909090909,2.18991,28.67521,56.89952,10.85663,24.36786,36.24598,1.25,1.922,1129.35,10.7192,3.77
2017-06,0,2,0-2,0.1265495305452566,0,0,0.38479847,-1.2237244,0.2965165176950438,0.0216466246508061,0.2115384615384615,0.1304347826086956,-0.2727272727272727,-1.0,2.027,27.17667,66.17888,13.00463,23.03515,30.58533,1.25,1.922,1129.35,10.7192,3.77
2017-07,0,2,0-2,-0.1804068431764838,0,0,-0.15858439,-1.5103389,0.2348921902440407,0.0408807206186289,0.1023622047244094,0.0904522613065326,-0.3076923076923077,-1.0,2.03903,27.52812,63.91243,10.75606,25.95725,29.13549,1.25,2.219,1132.26,0.112,3.6
2017-08,0,2,0-2,-0.423076190487742,0,0,-1.4832485,-0.94552743,0.1861740771789364,0.1579225896189739,0.1452991452991453,0.1174603174603174,-0.3475177304964539,-0.1875,2.47539,34.66889,71.38962,10.23445,28.31247,32.84984,1.25,2.219,1132.26,0.112,3.6
2017-09,0,2,0-2,-0.5505675958064621,0,0,-1.5628892,-2.1983387,0.1605789998938775,0.1611284345202493,0.1452991452991453,0.1174603174603174,-0.3475177304964539,-0.1875,2.29757,27.05591,55.77195,11.06161,27.93823,33.07955,1.25,2.219,1132.26,0.112,3.6
2017-10,0,2,0-2,0.2443828771383342,0,0,1.1346391,-0.9992707,0.3201726504772283,0.1018229984627796,0.2606060606060605,0.1569506726457398,-0.183673469387755,-1.0,2.69834,41.39868,58.45762,13.6184,23.97791,33.8233,1.5,1.441,1107.46,3.0495,3.43
2017-11,0,2,0-2,-0.01586629034951007,0,0,1.9506239,-1.1899574,0.2679252261228469,0.1540934426097924,0.1038251366120218,0.2448377581120944,-0.0758620689655172,-1.0,2.78941,33.46647,55.52283,13.68456,33.66707,31.62909,1.5,1.441,1107.46,3.0495,3.43
2017-12,0,2,0-2,0.1626910611491881,0,0,2.010416,-0.96641666,0.3037722638113831,0.0818077919149168,0.1038251366120218,0.2448377581120944,-0.0758620689655172,-0.6428571428571429,3.55968,31.62262,53.1731,12.39392,27.87843,36.45373,1.5,1.441,1107.46,3.0495,3.43
2018-01,0,2,0-2,0.7871205366632084,0,0,2.051628,0.21338192,0.4291322490189772,0.0683172590288595,0.2659574468085106,0.1982758620689654,-0.0424242424242423,-0.6428571428571429,3.73309,40.12739,65.98067,14.16296,32.7693,47.71728,1.5,1.076,1072.72,-0.877,3.98
2018-02,0,2,0-2,-0.36269998329997055,0,0,0.16297491,-2.0145268,0.1982951584807426,0.0770166656772819,0.1428571428571427,0.203342618384401,-0.2578616352201258,-0.6428571428571429,3.03241,32.64673,53.81741,13.74613,28.06894,30.17548,1.5,1.076,1072.72,-0.877,3.98
2018-03,0,2,0-2,-0.6060206418845369,0,0,-1.8742858,-1.3018639,0.1494462886612102,0.0,0.1428571428571427,0.203342618384401,-0.2578616352201258,0.074074074074074,3.50164,41.12937,61.22213,13.99584,28.77911,31.99123,1.5,1.076,1072.72,-0.877,3.98
2018-04,0,2,0-2,0.024034297908946848,0,0,0.7491776,-1.9931949,0.2759356377866092,0.2131842874947309,0.1677018633540372,0.1210526315789473,-0.2356687898089172,-1.0,2.93115,29.75098,52.2051,14.56525,27.98891,30.20624,1.5,1.493,1078.98,-4.8948,3.83
2018-05,0,2,0-2,0.4162863386361836,0,0,0.9582991,-2.438509,0.3546838582845874,0.2071227974881025,0.3888888888888889,0.1019283746556473,-0.2727272727272727,-1.0,2.72792,30.79083,52.54543,12.31285,25.68004,31.2569,1.5,1.493,1078.98,-4.8948,3.83
2018-06,0,2,0-2,0.322085063620967,0,0,0.9644141,-2.8870206,0.335772082166519,0.2852467886742292,0.3888888888888889,0.1019283746556473,-0.2727272727272727,-1.0,2.92803,30.6017,48.15906,12.72968,29.93267,30.39892,1.5,1.493,1078.98,-4.8948,3.83
2018-07,0,2,0-2,0.28415203732898725,0,0,1.3921298,-2.6567175,0.3281566767423478,0.2700976053670335,0.3999999999999999,0.1495601173020528,-0.2678571428571428,-1.0,2.72215,28.68677,49.00963,12.85932,33.14837,30.27151,1.5,1.546,1121.52,0.7283,3.97
2018-08,0,2,0-2,-0.5737858697666345,0,0,-0.31622377,-0.8962053,0.1559177169238558,0.0303438226162061,0.1967213114754097,0.0340557275541795,-0.2848484848484847,-0.8148148148148148,2.75654,35.08872,67.6877,14.2532,30.89162,29.55287,1.5,1.546,1121.52,0.7283,3.97
2018-09,0,2,0-2,-0.42506162058027175,0,0,-0.30536142,-0.29478884,0.1857754837479883,0.0717773004054591,0.1967213114754097,0.0340557275541795,-0.2848484848484847,-0.8148148148148148,2.83639,41.56986,72.48472,15.94805,25.58917,26.65444,1.5,1.546,1121.52,0.7283,3.97
2018-10,0,2,0-2,-0.6630572711011424,0,0,0.25188807,-0.823761,0.1379956584855625,0.0283300117759119,0.1904761904761904,0.0876132930513594,-0.2328767123287671,-0.8148148148148148,3.80316,39.84972,61.89566,17.84825,32.26237,27.42581,1.75,1.787,1127.43,-12.8904,3.62
2018-11,0,2,0-2,-0.35078218755903234,0,0,-0.5498287,-2.6775773,0.2006877660631462,0.3593022546601003,0.1304347826086955,-0.0285714285714285,-0.3584905660377358,-0.8148148148148148,3.75666,31.84495,51.35798,14.12471,29.60561,29.3947,1.75,1.787,1127.43,-12.8904,3.62
2018-12,0,2,0-2,-0.33163808069994277,0,0,-0.789693,-2.791132,0.2045311223536104,0.3932281546027826,0.1304347826086955,-0.0285714285714285,-0.3584905660377358,-0.75,5.97423,30.27164,48.51558,13.94498,26.7645,29.01184,1.75,1.787,1127.43,-12.8904,3.62
2019-01,0,2,0-2,-0.6463908696468593,0,0,-0.37231866,-3.324431,0.1413415925288792,0.0985279129942738,0.2252252252252252,-0.1358024691358024,-0.2587412587412587,-0.75,6.00549,35.78548,54.83407,10.6899,28.70349,32.11551,1.75,0.543,1125.06,4.8813,4.17
2019-02,1,1,1-1,0.06517324775935424,0,0,-3.4510489,-3.028664,0.2841946619789853,0.5577778281657608,-0.0256410256410255,-0.1954887218045112,-0.3696969696969696,-0.75,4.89482,30.60145,50.18499,8.47804,21.44833,25.89751,1.75,0.543,1125.06,4.8813,4.17
2019-03,1,1,1-1,-0.455276626554591,0,0,-3.1724114,-4.577398,0.1797095421957097,0.4086577873284113,-0.0256410256410255,-0.1954887218045112,-0.3696969696969696,0.1636363636363636,4.64846,30.70992,50.22562,11.26046,24.46098,27.42706,1.75,0.543,1125.06,4.8813,4.17
2019-04,1,1,1-1,1.0517538935628556,0,0,-4.514297,-2.542331,0.4822598398955403,0.9065787975969892,-0.1834319526627219,-0.2664907651715039,-0.2252252252252252,-1.0,3.98771,28.88427,44.46538,15.82109,27.71156,26.04124,1.75,0.652,1166.62,-0.4695,4.02
2019-05,1,1,1-1,2.3489513958872057,1,0,-5.560544,-3.1301365,0.7426842209977377,1.4338362292592,-0.2230215827338129,-0.3284132841328413,-0.4160583941605839,-1.0,3.7213,31.38553,44.28014,13.85817,46.18897,26.7285,1.75,0.652,1166.62,-0.4695,4.02
2019-06,1,1,1-1,1.8082113242394209,0,0,-5.350352,-3.2246788,0.6341256566744915,1.4904493313337523,-0.2230215827338129,-0.3284132841328413,-0.4160583941605839,-1.0,3.35493,32.4244,42.68309,12.84823,35.19455,27.84632,1.75,0.652,1166.62,-0.4695,4.02
2019-07,1,1,1-1,0.5226177749214158,0,0,-5.3207073,-2.3887954,0.3760308763266908,0.7349492221531472,-0.2323232323232323,-0.3226666666666666,-0.2185430463576159,-0.8,13.79172,42.45354,44.61254,10.18818,36.157,29.50266,1.5,0.047,1193.94,-3.1714,3.53
2019-08,1,0,1-0,1.8115819779538014,0,0,-7.70079,-4.679058,0.6348023465431542,0.9274576034273596,-0.264367816091954,-0.4571428571428571,-0.4782608695652174,-0.7974683544303798,3.61684,72.48293,46.24175,11.69794,56.15596,32.8831,1.5,0.047,1193.94,-3.1714,3.53
2019-09,1,1,1-1,0.5654221366845116,0,0,-7.5502596,-4.3493567,0.3846242473443306,1.0110292993491696,-0.264367816091954,-0.4571428571428571,-0.4782608695652174,-0.7974683544303798,3.43638,76.36788,44.62585,18.01383,35.65423,31.0912,1.5,0.047,1193.94,-3.1714,3.53
2019-10,1,1,1-1,-0.10686909800921864,0,0,-6.59549,-3.3207355,0.2496555718713726,0.7675703915450609,-0.4198473282442748,-0.3024691358024691,-0.3846153846153846,-0.7974683544303798,3.7294,50.5016,51.28158,19.63908,33.94202,32.17701,1.25,0.297,1175.81,6.5253,3.37
2019-11,1,1,1-1,0.2842936279275334,0,0,-6.3311253,-3.1617799,0.3281851023629107,0.7705567411847309,-0.3793103448275862,-0.3883792048929663,-0.3517241379310344,-0.7974683544303798,3.33649,46.02835,51.41323,12.84326,32.66895,30.76358,1.25,0.297,1175.81,6.5253,3.37
2019-12,1,1,1-1,-1.075548794431192,0,0,-7.265049,-3.131264,0.0551841748983309,0.1418639538382197,-0.3793103448275862,-0.3883792048929663,-0.3517241379310344,-0.3157894736842105,3.85751,50.61646,62.44346,12.21343,35.22524,35.94848,1.25,0.297,1175.81,6.5253,3.37
2020-01,1,1,1-1,-1.2752170564939065,0,0,-7.685484,-3.0358355,0.0150989269077499,0.0018439661428918,-0.2432432432432432,-0.3427230046948357,-0.3902439024390243,-0.3157894736842105,4.95776,56.24269,64.11197,9.88875,36.70673,42.36669,0.75,0.967,1192.72,-20.1591,3.85
2020-02,1,1,1-1,-1.2046475475616143,0,0,-8.292201,-3.15888,0.0292664076926327,0.0031702021275849,-0.0461538461538461,-0.2813852813852813,-0.6161616161616161,-0.3157894736842105,5.21422,56.02872,65.70991,10.45701,37.79113,42.64033,0.75,0.967,1192.72,-20.1591,3.85
2020-03,1,0,1-0,3.7959116474531083,1,1,-9.560294,-4.6231236,1.03317485740301,0.0,-0.5454545454545454,-0.75,-0.7959183673469388,-0.4074074074074074,5.59583,79.16895,67.58919,24.12628,68.75674,52.32978,0.75,0.967,1192.72,-20.1591,3.85
2020-04,1,1,1-1,-0.8367476133009161,0,0,-8.786783,-3.8397105,0.1031257178714656,0.1565005521702644,-0.4845360824742268,-0.416267942583732,-0.6102564102564103,-0.6,4.48829,58.38512,62.03598,22.31327,38.80921,41.89847,0.5,0.009,1221.3,20.1574,4.23
2020-05,1,1,1-1,-1.004255759971221,0,0,-8.7444515,-3.580608,0.0694969101162663,0.2231073011487766,-0.4680851063829787,-0.4095940959409594,-0.5974025974025973,-0.6,4.01569,59.77151,61.0251,19.49988,26.15323,37.67511,0.5,0.009,1221.3,20.1574,4.23
2020-06,1,2,1-2,-1.309983972073765,0,0,-9.551719,-2.8189688,0.0081191474551272,0.0,-0.4680851063829787,-0.4095940959409594,-0.5974025974025973,-0.9,3.68803,80.55681,77.7493,19.63028,30.46086,39.65592,0.5,0.009,1221.3,20.1574,4.23
2020-07,1,2,1-2,-1.2741282945331673,0,0,-9.65928,-1.4804368,0.015317505928512,0.0,-0.1851851851851851,-0.4369747899159664,-0.375796178343949,-1.0,3.55006,77.16327,94.08553,17.81765,25.53067,41.31163,0.5,0.721,1188.18,10.4139,3.83
2020-08,1,2,1-2,-1.2899036698488189,0,0,-9.112797,-1.6656395,0.0121504536131382,0.0,-0.1874999999999999,-0.4191616766467065,-0.3422818791946309,-1.0,3.19627,70.16441,79.52629,18.83984,22.8762,39.96284,0.5,0.721,1188.18,10.4139,3.83
2020-09,1,2,1-2,-1.284606349237653,0,0,-8.528104,-1.9841086,0.0132139396583942,0.0,-0.1874999999999999,-0.4191616766467065,-0.3422818791946309,-0.8715596330275229,3.21094,63.84903,67.72476,17.36641,23.25278,41.0179,0.5,0.721,1188.18,10.4139,3.83
2020-10,1,2,1-2,-1.0244266478549366,0,0,-8.892237,-1.365521,0.0654474180504968,0.0900248122607843,0.1320754716981131,-0.3456221198156682,-0.4757281553398058,-0.8715596330275229,3.33729,67.35719,76.50417,15.41688,24.5383,37.15166,0.5,0.455,1118.86,23.4367,3.95
2020-11,1,2,1-2,-1.2574071202719903,0,0,-9.516125,-1.8373417,0.0186744361187616,0.0,-0.2459016393442622,-0.2803030303030303,-0.4545454545454545,-0.8715596330275229,2.98912,72.86882,86.29623,15.13696,30.27074,37.26526,0.5,0.455,1118.86,23.4367,3.95
2020-12,1,2,1-2,0.26736280645079163,0,0,2.790517,6.679887,0.3247860835575771,0.0,-0.2459016393442622,-0.2803030303030303,-0.4545454545454545,-0.9230769230769232,3.52505,72.62165,87.12151,82.33186,33.34296,47.69845,0.5,0.455,1118.86,23.4367,3.95
2021-01,1,2,1-2,-0.6093863286899985,0,0,2.8836515,6.7074976,0.1487705959453935,0.0,-0.2266666666666666,-0.213235294117647,-0.4050632911392404,-0.9230769230769232,4.15045,79.50614,89.93914,56.39715,30.93979,56.71884,0.5,1.423,1113.41,6.5409,4.6
2021-02,0,0,0-0,-0.964369131315079,0,0,2.0402246,5.914061,0.0775045192609158,0.1179490995532956,0.1578947368421052,-0.1399317406143344,-0.3766233766233766,-0.9230769230769232,3.80219,63.46093,78.13828,65.91191,25.24345,40.80764,0.5,1.423,1113.41,6.5409,4.6
2021-03,0,0,0-0,-0.6030089540483304,0,0,2.0853767,5.8944597,0.1500509128139793,0.2368232477507804,0.1578947368421052,-0.1399317406143344,-0.3766233766233766,-0.2199999999999999,3.97616,67.84293,81.31337,50.02619,27.57942,43.81527,0.5,1.423,1113.41,6.5409,4.6
2021-04,0,0,0-0,0.12645680387593008,0,0,-0.42108038,1.5901835,0.296497901959639,0.2889749874206732,0.2952380952380952,0.003717472118959,-0.2199999999999999,-0.2199999999999999,3.01774,59.80029,72.25519,23.3236,22.76725,41.51436,0.5,2.488,1121.33,7.6847,3.85
2021-05,0,0,0-0,0.31914922775613136,0,0,1.2150717,5.9414253,0.3351826859976646,0.2883782123851279,0.3566433566433566,0.037037037037037,-0.3757225433526011,-0.2199999999999999,2.75398,65.55884,70.8459,86.31964,21.25949,36.87236,0.5,2.488,1121.33,7.6847,3.85
2021-06,0,0,0-0,-0.3240599598616335,0,0,1.5827434,5.1704135,0.2060525001127397,0.1890882086992574,0.3566433566433566,0.037037037037037,-0.3757225433526011,-0.7777777777777778,2.81755,61.06002,70.13189,51.72754,22.5046,31.14832,0.5,2.488,1121.33,7.6847,3.85
2021-07,0,0,0-0,0.5307610300957112,0,0,0.554038,2.2552285,0.3776657100240447,0.4133684178111912,0.3098591549295774,0.1660516605166051,-0.1213872832369941,-0.9746835443037974,2.90373,60.26586,73.02047,28.7936,24.33598,29.67965,0.75,2.536,1157.95,-6.9118,3.05
2021-08,0,0,0-0,1.4680269780264272,0,0,-0.10608946,3.024465,0.5658305068114732,1.2790771451369147,0.2846715328467153,0.1226993865030674,-0.1022727272727272,-0.6981132075471698,3.98883,91.78396,78.48423,25.66549,31.25592,34.4842,0.75,2.536,1157.95,-6.9118,3.05
2021-09,0,0,0-0,-0.012976391221418294,0,0,0.33615726,2.3501077,0.2685054000674718,0.4912208097086825,0.2846715328467153,0.1226993865030674,-0.1022727272727272,-0.8461538461538461,10.27155,65.23124,71.96703,23.7672,27.70775,31.35104,0.75,2.536,1157.95,-6.9118,3.05
2021-10,0,0,0-0,0.9733665235982514,0,0,0.67815864,3.906112,0.466522851293047,0.839933486121495,0.4342629482071713,0.2145214521452144,-0.123076923076923,-1.0,4.44379,77.12293,70.19738,52.45832,30.14367,30.83011,1.0,3.546,1183.14,-2.9709,3.08
2021-11,0,0,0-0,0.4095025256558892,0,0,1.1601866,3.1553557,0.3533219451651583,0.4769732636674152,0.3365853658536584,0.2047477744807121,0.0225563909774435,-1.0,5.53562,66.84858,59.98093,42.25446,28.23247,30.99706,1.0,3.546,1183.14,-2.9709,3.08
2021-12,0,0,0-0,0.16696038000918195,0,0,1.4942847,2.5068493,0.3046293690092035,0.2451749206277828,0.3365853658536584,0.2047477744807121,0.0225563909774435,-1.0,6.26179,59.27716,59.32161,33.48005,25.59067,32.00002,1.0,3.546,1183.14,-2.9709,3.08
2022-01,0,0,0-0,0.9981278848117705,0,0,1.4199888,3.0632095,0.4714939232830286,0.543638929119443,0.4470046082949308,0.2248062015503876,0.0079999999999999,-1.0,8.55801,68.112,61.23909,39.06515,27.62555,39.63207,1.25,3.911,1204.46,-7.3884,3.23
2022-02,0,0,0-0,0.18369602586317854,0,0,1.3269929,2.4708438,0.3079892045053891,0.2891547741960198,0.4086021505376343,0.150997150997151,-0.0943396226415094,-1.0,8.04036,60.87777,57.92073,34.18827,24.05056,35.34281,1.25,3.911,1204.46,-7.3884,3.23
2022-03,0,0,0-0,0.3633608609885111,0,0,-1.6330724,4.8788214,0.3440585797620522,0.4377775557841854,0.4086021505376343,0.150997150997151,-0.0943396226415094,0.3333333333333333,7.16579,70.43692,62.549,42.18677,35.79449,34.3047,1.25,3.911,1204.46,-7.3884,3.23
2022-04,0,0,0-0,0.29982575539142925,0,0,-1.9545804,4.925585,0.3313033204251084,0.3129657190520919,0.3333333333333332,0.1760299625468165,-0.2366412213740457,0.3333333333333333,9.16866,75.90772,58.83463,41.12558,31.42135,29.09658,1.75,5.378,1259.85,-15.412,2.93
2022-05,0,0,0-0,-0.4752717160958084,0,0,-0.56409043,4.84295,0.1756953432710863,0.5398869514879693,0.4396551724137931,0.1090342679127725,-0.1223021582733813,-0.4137931034482758,10.00643,74.53264,59.94182,55.46101,37.28947,28.95159,1.75,5.378,1259.85,-15.412,2.93
2022-06,0,0,0-0,0.9394710189887784,0,0,-0.33092555,6.014978,0.459718015642152,0.8591815030803815,0.4396551724137931,0.1090342679127725,-0.1223021582733813,-0.027027027027027,15.13584,86.67174,58.22632,100.0,40.82104,24.83304,1.75,5.378,1259.85,-15.412,2.93
2022-07,0,0,0-0,0.1592397567299396,0,0,-1.0713063,5.5092773,0.3030793825687292,0.6852001852125499,0.4715447154471545,0.1771771771771771,0.0215827338129496,-0.027027027027027,23.46826,72.56459,57.48824,58.16465,45.00637,25.55106,2.5,5.842,1339.14,-7.5944,2.68
2022-08,0,0,0-0,-0.789566070565948,0,0,-3.033918,5.5171375,0.1125978484022324,0.2017528104821133,0.3354838709677419,0.0163934426229507,-0.2285714285714284,-0.0204081632653061,21.15136,67.66315,60.25409,38.02844,44.10114,26.79817,2.5,5.842,1339.14,-7.5944,2.68
2022-09,0,1,0-1,-0.5310417871340023,0,0,-3.3950813,6.823406,0.1644989863492429,0.2858730766747065,0.3354838709677419,0.0163934426229507,-0.2285714285714284,-0.0204081632653061,23.65233,73.21732,58.1218,47.06901,73.18061,25.02322,2.5,5.842,1339.14,-7.5944,2.68
2022-10,0,1,0-1,1.6652423801573504,0,1,-6.974525,9.177947,0.6054233205131178,1.9184365892919657,0.3743589743589743,0.0541516245487363,0.0,-0.0204081632653061,100.0,81.52854,81.70019,41.6491,62.4736,25.53913,3.25,5.215,1362.33,3.7537,2.68
2022-11,0,1,0-1,0.41185192632269196,0,1,-6.9783597,9.081296,0.3537936090509713,1.1998117398319894,0.2765957446808511,-0.1158536585365853,-0.15,-0.0204081632653061,92.21618,81.73809,82.6916,33.35232,70.00922,23.78426,3.25,5.215,1362.33,3.7537,2.68
2022-12,0,1,0-1,-0.1827940517488045,0,0,-6.8711486,8.089358,0.2344129360719547,0.9461277510569616,0.2765957446808511,-0.1158536585365853,-0.15,-0.2972972972972973,56.39067,70.01537,86.25104,28.13242,56.21221,23.1447,3.25,5.215,1362.33,3.7537,2.68
2023-01,0,1,0-1,0.5586478705439323,0,0,-7.4494705,7.756496,0.3832642508411606,1.5776060158797884,0.1666666666666666,-0.1016042780748662,-0.1314285714285714,-0.2972972972972973,52.02031,100.0,100.0,26.47084,47.7352,25.97032,3.5,4.601,1274.57,10.7521,2.95
2023-02,0,1,0-1,0.2532241542406927,0,0,-7.1652627,7.1774793,0.3219476185244294,1.05573259923679,0.1450381679389312,-0.026252983293556,-0.1550802139037433,-0.2972972972972973,32.47731,89.82107,93.07877,24.93546,52.07476,24.33282,3.5,4.601,1274.57,10.7521,2.95
2023-03,0,1,0-1,1.1506342403434637,0,0,-6.2711453,7.1271596,0.5021109828921692,1.4606653689582458,0.1450381679389312,-0.026252983293556,-0.1550802139037433,0.5,27.23246,77.2582,90.62276,29.10221,58.62326,25.31193,3.5,4.601,1274.57,10.7521,2.95
2023-04,0,1,0-1,-0.24826921755953804,0,0,-6.37563,6.0291886,0.2212681917263396,0.6062584832588733,0.1384615384615384,-0.100558659217877,-0.2988505747126437,0.5,19.80259,72.97581,82.18031,21.51939,48.97571,23.96628,3.5,3.264,1314.97,3.5295,2.65
2023-05,0,1,0-1,0.39388239259171964,0,0,-5.976525,6.456568,0.3501860591657778,1.1510652601802915,0.2018779342723004,-0.0883392226148409,-0.1764705882352941,0.5,17.94867,74.08084,83.58755,20.99549,47.12609,24.05478,3.5,3.264,1314.97,3.5295,2.65
2023-06,0,1,0-1,0.05227477739578355,0,0,-5.5804915,6.5947275,0.281605174907372,0.8912116269368113,0.2018779342723004,-0.0883392226148409,-0.1764705882352941,0.5,17.44696,71.95686,78.53265,20.67809,53.40154,25.51528,3.5,3.264,1314.97,3.5295,2.65
2023-07,0,1,0-1,-0.2876590682522722,0,0,-5.1635637,3.2286234,0.2133603153466961,0.5083069964399255,0.1075268817204301,-0.1148459383753501,-0.088235294117647,-1.0,19.37528,68.42558,76.71525,17.43792,51.97484,22.4725,3.5,3.139,1311.42,-3.8689,2.57
2023-08,0,1,0-1,-0.31027266428683203,0,0,-6.552306,5.6435847,0.2088204270557897,0.3878525100054203,0.0263157894736842,-0.1965317919075144,-0.2363636363636363,0.1162790697674418,20.14379,76.30098,79.79658,18.99242,54.43796,22.72795,3.5,3.139,1311.42,-3.8689,2.57
2023-09,0,1,0-1,-0.7555180230998391,0,0,-6.006848,4.8123198,0.1194333084406704,0.2195663164378358,0.0263157894736842,-0.1965317919075144,-0.2363636363636363,0.1162790697674418,19.83922,60.95082,74.03866,18.76259,42.08614,19.1611,3.5,3.139,1311.42,-3.8689,2.57
2023-10,0,1,0-1,-0.566879002035111,0,0,-5.7302136,5.8726735,0.1573043344212791,0.5062111538269154,0.1689497716894976,-0.1162790697674418,-0.2108108108108107,0.1162790697674418,33.85422,70.04734,76.39651,23.36299,44.19312,20.49357,3.5,3.417,1321.69,7.7162,2.65
2023-11,0,1,0-1,-0.8163843060865296,0,0,-4.845862,6.215074,0.1072138398952887,0.3540544600144853,0.2615384615384615,-0.0367892976588628,-0.1608391608391608,0.1162790697674418,29.92198,60.5423,70.43501,22.21652,51.65524,20.37871,3.5,3.417,1321.69,7.7162,2.65
2023-12,0,1,0-1,-0.8390551260247914,0,0,-4.9259143,5.6090736,0.1026624633771238,0.3156623172426622,0.2615384615384615,-0.0367892976588628,-0.1608391608391608,0.1162790697674418,24.34659,56.78082,71.04642,17.38974,42.77384,21.51348,3.5,3.417,1321.69,7.7162,2.65
2024-01,0,1,0-1,0.2919448985183067,0,0,-7.255987,5.8124766,0.3297211656105482,0.3999350219860478,0.1287128712871287,0.0168067226890756,-0.4038461538461538,0.1162790697674418,25.70066,90.58276,80.31819,24.0628,43.65533,25.14749,3.5,3.016,1328.67,3.4403,3.03
2024-02,0,1,0-1,-0.8554553028765951,0,0,-5.498247,4.8297987,0.0993699763819325,0.2194657046589347,0.1354166666666666,-0.0742049469964664,-0.2592592592592592,0.1162790697674418,23.21684,67.47721,71.18906,16.4991,33.68441,22.73674,3.5,3.016,1328.67,3.4403,3.03
2024-03,0,1,0-1,-0.973014682726074,0,0,-5.2501626,4.9449606,0.075768844954219,0.2501568380527305,0.1354166666666666,-0.0742049469964664,-0.2592592592592592,0.2,17.68218,58.76019,73.49266,21.65476,38.13954,23.82004,3.5,3.016,1328.67,3.4403,3.03
2024-04,0,1,0-1,-1.1679645032663368,0,0,-4.3102255,5.337658,0.0366308676845958,0.0528719818367655,0.1004784688995215,0.0616438356164383,-0.2962962962962962,0.2,13.95671,53.8194,66.88499,26.60277,51.02701,20.81806,3.5,2.669,1371.12,1.8637,2.88
2024-05,0,1,0-1,-1.002682446006674,0,0,-4.4195786,4.9773498,0.0698127674277107,0.1988543056734332,0.1981132075471697,0.0654761904761904,-0.2349726775956283,0.2,12.85181,54.74464,70.49245,24.60162,41.53838,20.77224,3.5,2.669,1371.12,1.8637,2.88
2024-06,0,1,0-1,-1.0204734292800344,0,0,-4.4605393,4.62886,0.0662410631961943,0.1025342064435765,0.1981132075471697,0.0654761904761904,-0.2349726775956283,0.2,11.01569,59.34554,66.01766,18.27081,37.88565,19.06632,3.5,2.669,1371.12,1.8637,2.88
2024-07,0,1,0-1,-0.6018234872524254,0,0,-6.3474417,4.266129,0.1502889062236857,0.1033098826946135,-0.064102564102564,-0.0424710424710424,-0.3870967741935484,0.2,12.38915,64.92996,70.23457,15.12587,41.37431,20.73332,3.5,2.053,1357.45,-7.3111,2.4
2024-08,1,0,1-0,-0.9057962390095842,0,0,-6.344459,3.5014095,0.0892635684424722,0.0,-0.0451612903225806,-0.1308641975308641,-0.328125,-0.4545454545454545,12.70959,69.34418,70.92317,14.9381,48.35892,19.69521,3.5,2.053,1357.45,-7.3111,2.4
2024-09,1,0,1-0,-1.046400816364771,0,0,-6.4789352,3.1740296,0.0610359007417176,0.0044995485351547,-0.0451612903225806,-0.1308641975308641,-0.328125,-0.4545454545454545,11.42631,67.46074,63.82189,13.87691,36.48382,17.39744,3.5,2.053,1357.45,-7.3111,2.4
2024-10,1,0,1-0,-0.5842388748157789,0,0,-6.4338055,3.01315,0.1538191796034371,0.0729251754429892,-0.1483870967741935,-0.238095238095238,-0.2217573221757321,-0.4545454545454545,13.91053,66.39333,62.91341,14.96372,42.48737,18.43492,3.0,1.571,1396.27,-7.4724,2.83
2024-11,1,0,1-0,1.1237622823391926,0,0,-6.8602467,1.879387,0.4967161891003779,0.2244730395298338,-0.1555555555555555,-0.3257790368271954,-0.4861660079051383,-0.4545454545454545,14.51228,57.8497,57.90938,14.36869,54.47965,18.61568,3.0,1.571,1396.27,-7.4724,2.83
2024-12,1,0,1-0,3.729165189891284,1,1,-3.7282438,8.512026,1.0197748894951502,0.2719945421002057,-0.1555555555555555,-0.3257790368271954,-0.4861660079051383,-0.4545454545454545,13.9082,54.02894,56.77781,15.2272,100.0,18.66526,3.0,1.571,1396.27,-7.4724,2.83
